{"cameraMode":{"drawMode":0,"name":"Shaded","section":"Shading Mode"},"sceneLighting":true,"audioPlay":false,"sceneViewState":{"showFog":true,"showMaterialUpdate":true,"showSkybox":true,"showFlares":true,"showImageEffects":true,"showParticleSystems":true},"in2DMode":false,"pivot":{"x":1.7298855781555176,"y":-3.0006141662597658,"z":-2.342376708984375},"rotation":{"x":-0.20431138575077058,"y":-0.021438470110297204,"z":0.004475701134651899,"w":-0.978663980960846},"size":10.0,"orthographic":false}