{"cameraMode":{"drawMode":0,"name":"Shaded","section":"Shading Mode"},"sceneLighting":true,"audioPlay":false,"sceneViewState":{"showFog":true,"showMaterialUpdate":true,"showSkybox":true,"showFlares":true,"showImageEffects":true,"showParticleSystems":true},"in2DMode":false,"pivot":{"x":-0.019710302352905275,"y":-8.525075912475586,"z":-7.495326042175293},"rotation":{"x":-0.4269067049026489,"y":0.02901471219956875,"z":-0.013714411295950413,"w":-0.9037326574325562},"size":10.0,"orthographic":false}