{"cameraMode":{"drawMode":0,"name":"Shaded","section":"Shading Mode"},"sceneLighting":false,"audioPlay":false,"sceneViewState":{"showFog":true,"showMaterialUpdate":false,"showSkybox":false,"showFlares":true,"showImageEffects":true,"showParticleSystems":true},"in2DMode":false,"pivot":{"x":-1.8655853271484376,"y":5.496350288391113,"z":1.2253799438476563},"rotation":{"x":0.14024856686592103,"y":-0.1684410125017166,"z":0.024221820756793023,"w":0.9753875136375427},"size":20.410436630249025,"orthographic":false}