{"cameraMode":{"drawMode":0,"name":"Shaded","section":"Shading Mode"},"sceneLighting":false,"audioPlay":false,"sceneViewState":{"showFog":true,"showMaterialUpdate":false,"showSkybox":false,"showFlares":true,"showImageEffects":true,"showParticleSystems":true},"in2DMode":false,"pivot":{"x":-9.720891952514649,"y":-8.166072845458985,"z":25.267330169677736},"rotation":{"x":0.2019723355770111,"y":-0.14919251203536988,"z":0.031148379668593408,"w":0.9674642086029053},"size":21.217426300048829,"orthographic":false}