{"cameraMode":{"drawMode":0,"name":"Shaded","section":"Shading Mode"},"sceneLighting":false,"audioPlay":false,"sceneViewState":{"showFog":true,"showMaterialUpdate":false,"showSkybox":false,"showFlares":true,"showImageEffects":true,"showParticleSystems":true},"in2DMode":false,"pivot":{"x":-15.793126106262207,"y":-5.306173324584961,"z":39.90055465698242},"rotation":{"x":0.07616802304983139,"y":-0.12084952741861344,"z":0.009302292950451374,"w":0.9897072315216065},"size":26.405363082885743,"orthographic":false}