{"cameraMode":{"drawMode":0,"name":"Shaded","section":"Shading Mode"},"sceneLighting":false,"audioPlay":false,"sceneViewState":{"showFog":true,"showMaterialUpdate":false,"showSkybox":false,"showFlares":true,"showImageEffects":true,"showParticleSystems":true},"in2DMode":false,"pivot":{"x":-10.02977466583252,"y":-10.72673511505127,"z":22.93671989440918},"rotation":{"x":0.20137907564640046,"y":-0.16658185422420503,"z":0.034778669476509097,"w":0.9646225571632385},"size":20.400245666503908,"orthographic":false}