{"cameraMode":{"drawMode":0,"name":"Shaded","section":"Shading Mode"},"sceneLighting":false,"audioPlay":false,"sceneViewState":{"showFog":true,"showMaterialUpdate":false,"showSkybox":false,"showFlares":true,"showImageEffects":true,"showParticleSystems":true},"in2DMode":false,"pivot":{"x":5.792311668395996,"y":5.838796615600586,"z":1.61663818359375},"rotation":{"x":0.04978659376502037,"y":0.008983785286545754,"z":-0.0004461327916942537,"w":0.998725175857544},"size":15.524495124816895,"orthographic":false}