{"cameraMode":{"drawMode":0,"name":"Shaded","section":"Shading Mode"},"sceneLighting":true,"audioPlay":false,"sceneViewState":{"showFog":true,"showMaterialUpdate":false,"showSkybox":true,"showFlares":true,"showImageEffects":true,"showParticleSystems":true},"in2DMode":false,"pivot":{"x":-10.104241371154786,"y":5.752630710601807,"z":83.58720397949219},"rotation":{"x":0.20008869469165803,"y":0.4097103774547577,"z":-0.09261519461870194,"w":0.8851765394210815},"size":1.0606602430343629,"orthographic":false}