{"cameraMode":{"drawMode":0,"name":"Shaded","section":"Shading Mode"},"sceneLighting":false,"audioPlay":false,"sceneViewState":{"showFog":true,"showMaterialUpdate":false,"showSkybox":false,"showFlares":true,"showImageEffects":true,"showParticleSystems":true},"in2DMode":false,"pivot":{"x":0.056233540177345279,"y":6.6390380859375,"z":-10.082521438598633},"rotation":{"x":0.27422791719436648,"y":0.01297854632139206,"z":-0.00369436526671052,"w":0.9615863561630249},"size":6.274564266204834,"orthographic":false}