{"cameraMode":{"drawMode":0,"name":"Shaded","section":"Shading Mode"},"sceneLighting":false,"audioPlay":false,"sceneViewState":{"showFog":true,"showMaterialUpdate":false,"showSkybox":false,"showFlares":true,"showImageEffects":true,"showParticleSystems":true},"in2DMode":false,"pivot":{"x":2.8382391929626467,"y":0.5259324908256531,"z":-0.6932821273803711},"rotation":{"x":0.13701976835727693,"y":0.8610907196998596,"z":-0.3141371011734009,"w":0.3755898177623749},"size":0.04342423751950264,"orthographic":false}