{"cameraMode":{"drawMode":0,"name":"Shaded","section":"Shading Mode"},"sceneLighting":true,"audioPlay":false,"sceneViewState":{"showFog":true,"showMaterialUpdate":true,"showSkybox":true,"showFlares":true,"showImageEffects":true,"showParticleSystems":true},"in2DMode":false,"pivot":{"x":-1.1622369289398194,"y":-52.963096618652347,"z":364.26483154296877},"rotation":{"x":-0.2652814984321594,"y":0.006963904015719891,"z":-0.001915246481075883,"w":-0.9641538858413696},"size":10.0,"orthographic":false}