{"cameraMode":{"drawMode":0,"name":"Shaded","section":"Shading Mode"},"sceneLighting":true,"audioPlay":false,"sceneViewState":{"showFog":true,"showMaterialUpdate":false,"showSkybox":true,"showFlares":true,"showImageEffects":true,"showParticleSystems":true},"in2DMode":false,"pivot":{"x":-17.998958587646486,"y":-22.008312225341798,"z":132.98489379882813},"rotation":{"x":0.20777450501918794,"y":-0.14900216460227967,"z":0.03204379603266716,"w":0.9662349224090576},"size":31.02214813232422,"orthographic":false}