{"cameraMode":{"drawMode":0,"name":"Shaded","section":"Shading Mode"},"sceneLighting":false,"audioPlay":false,"sceneViewState":{"showFog":true,"showMaterialUpdate":false,"showSkybox":false,"showFlares":true,"showImageEffects":true,"showParticleSystems":true},"in2DMode":false,"pivot":{"x":-13.163727760314942,"y":-19.578901290893556,"z":24.704416275024415},"rotation":{"x":0.2900128662586212,"y":-0.22824788093566895,"z":0.07143668085336685,"w":0.9266631603240967},"size":24.42072868347168,"orthographic":false}