{"cameraMode":{"drawMode":0,"name":"Shaded","section":"Shading Mode"},"sceneLighting":false,"audioPlay":false,"sceneViewState":{"showFog":true,"showMaterialUpdate":false,"showSkybox":false,"showFlares":true,"showImageEffects":true,"showParticleSystems":true},"in2DMode":false,"pivot":{"x":0.1420000046491623,"y":0.09399999678134918,"z":0.1899999976158142},"rotation":{"x":0.13701976835727693,"y":0.8610907196998596,"z":-0.3141371011734009,"w":0.3755898177623749},"size":10.0,"orthographic":false}