{"cameraMode":{"drawMode":0,"name":"Shaded","section":"Shading Mode"},"sceneLighting":false,"audioPlay":false,"sceneViewState":{"showFog":true,"showMaterialUpdate":false,"showSkybox":false,"showFlares":true,"showImageEffects":true,"showParticleSystems":true},"in2DMode":false,"pivot":{"x":-5.744302749633789,"y":-10.984107971191407,"z":28.46027183532715},"rotation":{"x":0.19238193333148957,"y":-0.12911976873874665,"z":0.02554606832563877,"w":0.9724575281143189},"size":24.282560348510743,"orthographic":false}