{"cameraMode":{"drawMode":0,"name":"Shaded","section":"Shading Mode"},"sceneLighting":false,"audioPlay":false,"sceneViewState":{"showFog":true,"showMaterialUpdate":false,"showSkybox":false,"showFlares":true,"showImageEffects":true,"showParticleSystems":true},"in2DMode":false,"pivot":{"x":-24.96166229248047,"y":244.62472534179688,"z":397.8650207519531},"rotation":{"x":0.18491041660308839,"y":-0.4539373219013214,"z":0.09690243750810623,"w":0.8662360310554504},"size":1.9535690546035767,"orthographic":false}