{"cameraMode":{"drawMode":0,"name":"Shaded","section":"Shading Mode"},"sceneLighting":false,"audioPlay":false,"sceneViewState":{"showFog":true,"showMaterialUpdate":false,"showSkybox":false,"showFlares":true,"showImageEffects":true,"showParticleSystems":true},"in2DMode":false,"pivot":{"x":-31.749666213989259,"y":16.63436508178711,"z":112.67878723144531},"rotation":{"x":-0.0389682799577713,"y":-0.03446872532367706,"z":-0.001333344727754593,"w":0.9986683130264282},"size":85.09253692626953,"orthographic":false}