{"cameraMode":{"drawMode":0,"name":"Shaded","section":"Shading Mode"},"sceneLighting":false,"audioPlay":false,"sceneViewState":{"showFog":true,"showMaterialUpdate":false,"showSkybox":false,"showFlares":true,"showImageEffects":true,"showParticleSystems":true},"in2DMode":false,"pivot":{"x":-0.31047964096069338,"y":1.1961500644683838,"z":0.0},"rotation":{"x":-0.17607560753822328,"y":-0.0056055206805467609,"z":0.0010023890063166619,"w":-0.9843695759773254},"size":24.830921173095704,"orthographic":false}