{"cameraMode":{"drawMode":0,"name":"Shaded","section":"Shading Mode"},"sceneLighting":false,"audioPlay":false,"sceneViewState":{"showFog":true,"showMaterialUpdate":false,"showSkybox":false,"showFlares":true,"showImageEffects":true,"showParticleSystems":true},"in2DMode":false,"pivot":{"x":-3.225055456161499,"y":-2.807839870452881,"z":9.48470401763916},"rotation":{"x":0.18546459078788758,"y":-0.09857000410556793,"z":0.018733162432909013,"w":0.9775437116622925},"size":10.797497749328614,"orthographic":false}