{"cameraMode":{"drawMode":0,"name":"Shaded","section":"Shading Mode"},"sceneLighting":false,"audioPlay":false,"sceneViewState":{"showFog":true,"showMaterialUpdate":false,"showSkybox":false,"showFlares":true,"showImageEffects":true,"showParticleSystems":true},"in2DMode":false,"pivot":{"x":0.0,"y":0.14974352717399598,"z":4.470348358154297e-8},"rotation":{"x":-0.2730877995491028,"y":0.08844112604856491,"z":-0.02522232010960579,"w":-0.9575850367546082},"size":0.1983995884656906,"orthographic":false}