{"cameraMode":{"drawMode":0,"name":"Shaded","section":"Shading Mode"},"sceneLighting":false,"audioPlay":false,"sceneViewState":{"showFog":true,"showMaterialUpdate":false,"showSkybox":false,"showFlares":true,"showImageEffects":true,"showParticleSystems":true},"in2DMode":false,"pivot":{"x":0.0,"y":1.5026098489761353,"z":-0.053672075271606448},"rotation":{"x":0.24361161887645722,"y":0.041022464632987979,"z":-0.010307857766747475,"w":0.9689627885818481},"size":9.596004486083985,"orthographic":false}