{"cameraMode":{"drawMode":0,"name":"Shaded","section":"Shading Mode"},"sceneLighting":false,"audioPlay":false,"sceneViewState":{"showFog":true,"showMaterialUpdate":false,"showSkybox":false,"showFlares":true,"showImageEffects":true,"showParticleSystems":true},"in2DMode":false,"pivot":{"x":-19.2243595123291,"y":-25.44568634033203,"z":-10.161134719848633},"rotation":{"x":-0.17962871491909028,"y":0.8141165375709534,"z":-0.33068403601646426,"w":-0.44234004616737368},"size":31.562223434448243,"orthographic":false}