{"cameraMode":{"drawMode":0,"name":"Shaded","section":"Shading Mode"},"sceneLighting":true,"audioPlay":false,"sceneViewState":{"showFog":true,"showMaterialUpdate":false,"showSkybox":true,"showFlares":true,"showImageEffects":true,"showParticleSystems":true},"in2DMode":false,"pivot":{"x":-0.8152267932891846,"y":1.36044180393219,"z":2.1987452507019045},"rotation":{"x":0.08197031170129776,"y":0.10265354812145233,"z":-0.008480039425194264,"w":0.9913108944892883},"size":1.3755478858947755,"orthographic":false}