{"cameraMode":{"drawMode":0,"name":"Shaded","section":"Shading Mode"},"sceneLighting":true,"audioPlay":false,"sceneViewState":{"showFog":true,"showMaterialUpdate":false,"showSkybox":true,"showFlares":true,"showImageEffects":true,"showParticleSystems":true},"in2DMode":false,"pivot":{"x":-15.793951988220215,"y":-22.762252807617189,"z":56.83733367919922},"rotation":{"x":-0.02496975287795067,"y":0.9658583998680115,"z":0.10179049521684647,"w":0.2369878739118576},"size":0.7762306332588196,"orthographic":false}