{"cameraMode":{"drawMode":0,"name":"Shaded","section":"Shading Mode"},"sceneLighting":false,"audioPlay":false,"sceneViewState":{"showFog":true,"showMaterialUpdate":false,"showSkybox":false,"showFlares":true,"showImageEffects":true,"showParticleSystems":true},"in2DMode":false,"pivot":{"x":3.456904649734497,"y":8.000768661499024,"z":-4.0673828125},"rotation":{"x":0.3361445367336273,"y":0.011740702204406262,"z":-0.0042287190444767479,"w":0.941728413105011},"size":8.061590194702149,"orthographic":false}