{"cameraMode":{"drawMode":0,"name":"Shaded","section":"Shading Mode"},"sceneLighting":false,"audioPlay":false,"sceneViewState":{"showFog":true,"showMaterialUpdate":false,"showSkybox":false,"showFlares":true,"showImageEffects":true,"showParticleSystems":true},"in2DMode":false,"pivot":{"x":-20.901535034179689,"y":246.2754669189453,"z":402.7399597167969},"rotation":{"x":0.18491041660308839,"y":-0.4539373219013214,"z":0.09690243750810623,"w":0.8662360310554504},"size":1.647364854812622,"orthographic":false}