{"cameraMode":{"drawMode":0,"name":"Shaded","section":"Shading Mode"},"sceneLighting":false,"audioPlay":false,"sceneViewState":{"showFog":true,"showMaterialUpdate":false,"showSkybox":false,"showFlares":true,"showImageEffects":true,"showParticleSystems":true},"in2DMode":false,"pivot":{"x":0.05023207515478134,"y":4.262735843658447,"z":-7.305086135864258},"rotation":{"x":0.37155604362487795,"y":0.03759587183594704,"z":-0.015032660216093064,"w":0.9275606274604797},"size":1.4319045543670655,"orthographic":false}