{"cameraMode":{"drawMode":0,"name":"Shaded","section":"Shading Mode"},"sceneLighting":false,"audioPlay":false,"sceneViewState":{"showFog":true,"showMaterialUpdate":false,"showSkybox":false,"showFlares":true,"showImageEffects":true,"showParticleSystems":true},"in2DMode":false,"pivot":{"x":-3.8388538360595705,"y":-3.9349851608276369,"z":11.783970832824707},"rotation":{"x":0.13547028601169587,"y":-0.09348072856664658,"z":0.012870474718511105,"w":0.9863061308860779},"size":10.778221130371094,"orthographic":false}