{"cameraMode":{"drawMode":0,"name":"Shaded","section":"Shading Mode"},"sceneLighting":false,"audioPlay":false,"sceneViewState":{"showFog":true,"showMaterialUpdate":false,"showSkybox":false,"showFlares":true,"showImageEffects":true,"showParticleSystems":true},"in2DMode":false,"pivot":{"x":-0.6977794170379639,"y":-3.470679998397827,"z":-0.4200983941555023},"rotation":{"x":0.26822352409362795,"y":-0.2877224087715149,"z":0.08429581671953201,"w":0.9155150651931763},"size":93.56110382080078,"orthographic":true}