{"cameraMode":{"drawMode":0,"name":"Shaded","section":"Shading Mode"},"sceneLighting":true,"audioPlay":false,"sceneViewState":{"showFog":true,"showMaterialUpdate":false,"showSkybox":true,"showFlares":true,"showImageEffects":true,"showParticleSystems":true},"in2DMode":false,"pivot":{"x":5.394648551940918,"y":9.233598709106446,"z":-17.48087501525879},"rotation":{"x":-0.16857245564460755,"y":-0.03665276616811752,"z":0.006273352075368166,"w":-0.9849886894226074},"size":1.3755478858947755,"orthographic":false}