{"cameraMode":{"drawMode":0,"name":"Shaded","section":"Shading Mode"},"sceneLighting":false,"audioPlay":false,"sceneViewState":{"showFog":true,"showMaterialUpdate":false,"showSkybox":false,"showFlares":true,"showImageEffects":true,"showParticleSystems":true},"in2DMode":false,"pivot":{"x":0.0,"y":0.5050358176231384,"z":-0.053672075271606448},"rotation":{"x":0.24628974497318269,"y":0.05841182544827461,"z":-0.014866461046040059,"w":0.9673333764076233},"size":9.462489128112793,"orthographic":false}