{"cameraMode":{"drawMode":0,"name":"Shaded","section":"Shading Mode"},"sceneLighting":false,"audioPlay":false,"sceneViewState":{"showFog":true,"showMaterialUpdate":false,"showSkybox":false,"showFlares":true,"showImageEffects":true,"showParticleSystems":true},"in2DMode":false,"pivot":{"x":41.069950103759769,"y":9.130295753479004,"z":-66.79817199707031},"rotation":{"x":0.002072899369522929,"y":-0.8932948708534241,"z":-0.003995251376181841,"w":-0.44953349232673647},"size":48.715938568115237,"orthographic":false}