{"cameraMode":{"drawMode":0,"name":"Shaded","section":"Shading Mode"},"sceneLighting":false,"audioPlay":false,"sceneViewState":{"showFog":true,"showMaterialUpdate":false,"showSkybox":false,"showFlares":true,"showImageEffects":true,"showParticleSystems":true},"in2DMode":false,"pivot":{"x":-27.506574630737306,"y":249.47927856445313,"z":406.9823913574219},"rotation":{"x":0.18491041660308839,"y":-0.4539373219013214,"z":0.09690243750810623,"w":0.8662360310554504},"size":1.3416029214859009,"orthographic":false}