{"cameraMode":{"drawMode":0,"name":"Shaded","section":"Shading Mode"},"sceneLighting":false,"audioPlay":false,"sceneViewState":{"showFog":true,"showMaterialUpdate":false,"showSkybox":false,"showFlares":true,"showImageEffects":true,"showParticleSystems":true},"in2DMode":false,"pivot":{"x":0.06250748038291931,"y":0.319979190826416,"z":-0.00013497471809387207},"rotation":{"x":-0.2730877995491028,"y":0.08844112604856491,"z":-0.02522232010960579,"w":-0.9575850367546082},"size":0.47205424308776858,"orthographic":false}