{"cameraMode":{"drawMode":0,"name":"Shaded","section":"Shading Mode"},"sceneLighting":true,"audioPlay":false,"sceneViewState":{"showFog":true,"showMaterialUpdate":false,"showSkybox":true,"showFlares":true,"showImageEffects":true,"showParticleSystems":true},"in2DMode":false,"pivot":{"x":96.43374633789063,"y":297.8229064941406,"z":-295.2580871582031},"rotation":{"x":-0.019490307196974756,"y":-0.02605891227722168,"z":0.0005784907843917608,"w":-0.9995099902153015},"size":105.16365814208985,"orthographic":false}