{"cameraMode":{"drawMode":0,"name":"Shaded","section":"Shading Mode"},"sceneLighting":false,"audioPlay":false,"sceneViewState":{"showFog":true,"showMaterialUpdate":false,"showSkybox":false,"showFlares":true,"showImageEffects":true,"showParticleSystems":true},"in2DMode":false,"pivot":{"x":-0.4922846853733063,"y":-2.5214316844940187,"z":6.497264862060547},"rotation":{"x":0.2777579724788666,"y":-0.05902938172221184,"z":0.017125265672802926,"w":0.9587148427963257},"size":10.810761451721192,"orthographic":false}