{"cameraMode":{"drawMode":0,"name":"Shaded","section":"Shading Mode"},"sceneLighting":false,"audioPlay":false,"sceneViewState":{"showFog":true,"showMaterialUpdate":false,"showSkybox":false,"showFlares":true,"showImageEffects":true,"showParticleSystems":true},"in2DMode":false,"pivot":{"x":-27.473220825195314,"y":248.9558563232422,"z":402.20135498046877},"rotation":{"x":0.18491041660308839,"y":-0.4539373219013214,"z":0.09690243750810623,"w":0.8662360310554504},"size":1.703546404838562,"orthographic":false}