{"cameraMode":{"drawMode":0,"name":"Shaded","section":"Shading Mode"},"sceneLighting":false,"audioPlay":false,"sceneViewState":{"showFog":true,"showMaterialUpdate":false,"showSkybox":false,"showFlares":true,"showImageEffects":true,"showParticleSystems":true},"in2DMode":false,"pivot":{"x":-3.401837110519409,"y":-1.7784703969955445,"z":23.424362182617189},"rotation":{"x":0.0791555792093277,"y":-0.08065635710954666,"z":0.0064557683654129509,"w":0.9936011433601379},"size":12.254764556884766,"orthographic":false}