{"cameraMode":{"drawMode":0,"name":"Shaded","section":"Shading Mode"},"sceneLighting":false,"audioPlay":false,"sceneViewState":{"showFog":true,"showMaterialUpdate":false,"showSkybox":false,"showFlares":true,"showImageEffects":true,"showParticleSystems":true},"in2DMode":false,"pivot":{"x":-4.524556636810303,"y":-8.006558418273926,"z":44.25788497924805},"rotation":{"x":0.12710601091384889,"y":-0.028264090418815614,"z":0.0036388197913765909,"w":0.9915059208869934},"size":28.336023330688478,"orthographic":false}