{"cameraMode":{"drawMode":0,"name":"Shaded","section":"Shading Mode"},"sceneLighting":false,"audioPlay":false,"sceneViewState":{"showFog":true,"showMaterialUpdate":false,"showSkybox":false,"showFlares":true,"showImageEffects":true,"showParticleSystems":true},"in2DMode":false,"pivot":{"x":-21.05855941772461,"y":244.4346923828125,"z":398.3318176269531},"rotation":{"x":0.18491041660308839,"y":-0.4539373219013214,"z":0.09690243750810623,"w":0.8662360310554504},"size":2.1732594966888429,"orthographic":false}