{"cameraMode":{"drawMode":0,"name":"Shaded","section":"Shading Mode"},"sceneLighting":false,"audioPlay":false,"sceneViewState":{"showFog":true,"showMaterialUpdate":false,"showSkybox":false,"showFlares":true,"showImageEffects":true,"showParticleSystems":true},"in2DMode":false,"pivot":{"x":-15.31104850769043,"y":-3.7013916969299318,"z":-33.805416107177737},"rotation":{"x":-0.05420708283782005,"y":0.9377616047859192,"z":-0.17095184326171876,"w":-0.2975020408630371},"size":31.562223434448243,"orthographic":false}