{"cameraMode":{"drawMode":0,"name":"Shaded","section":"Shading Mode"},"sceneLighting":false,"audioPlay":false,"sceneViewState":{"showFog":true,"showMaterialUpdate":false,"showSkybox":false,"showFlares":true,"showImageEffects":true,"showParticleSystems":true},"in2DMode":false,"pivot":{"x":2.1868844032287599,"y":-0.4838702976703644,"z":17.280908584594728},"rotation":{"x":0.03599325940012932,"y":5.503736701939488e-7,"z":0.000028215841666678898,"w":0.9993787407875061},"size":10.77920150756836,"orthographic":false}