{"cameraMode":{"drawMode":0,"name":"Shaded","section":"Shading Mode"},"sceneLighting":true,"audioPlay":false,"sceneViewState":{"showFog":true,"showMaterialUpdate":false,"showSkybox":true,"showFlares":true,"showImageEffects":true,"showParticleSystems":true},"in2DMode":false,"pivot":{"x":-3.9776015281677248,"y":-0.665119469165802,"z":-7.720101356506348},"rotation":{"x":-0.04745609313249588,"y":0.9519086480140686,"z":-0.2314327210187912,"w":-0.1951412409543991},"size":10.776154518127442,"orthographic":false}