{"cameraMode":{"drawMode":0,"name":"Shaded","section":"Shading Mode"},"sceneLighting":false,"audioPlay":false,"sceneViewState":{"showFog":true,"showMaterialUpdate":false,"showSkybox":false,"showFlares":true,"showImageEffects":true,"showParticleSystems":true},"in2DMode":false,"pivot":{"x":-7.679886817932129,"y":-15.674566268920899,"z":43.73637390136719},"rotation":{"x":-0.1796441525220871,"y":0.09604710340499878,"z":-0.017626630142331125,"w":-0.9788838028907776},"size":24.75179100036621,"orthographic":false}