{"cameraMode":{"drawMode":0,"name":"Shaded","section":"Shading Mode"},"sceneLighting":false,"audioPlay":false,"sceneViewState":{"showFog":true,"showMaterialUpdate":false,"showSkybox":false,"showFlares":true,"showImageEffects":true,"showParticleSystems":true},"in2DMode":false,"pivot":{"x":6.839238166809082,"y":0.7329710721969605,"z":-0.8595612645149231},"rotation":{"x":0.15644408762454987,"y":-0.6584240794181824,"z":0.1426210254430771,"w":0.7222697138786316},"size":5.678242206573486,"orthographic":false}