{"cameraMode":{"drawMode":0,"name":"Shaded","section":"Shading Mode"},"sceneLighting":false,"audioPlay":false,"sceneViewState":{"showFog":true,"showMaterialUpdate":false,"showSkybox":false,"showFlares":true,"showImageEffects":true,"showParticleSystems":true},"in2DMode":false,"pivot":{"x":-3.7715234756469728,"y":8.128215789794922,"z":33.40835952758789},"rotation":{"x":-0.022497961297631265,"y":-0.00899866595864296,"z":-0.0001870157866505906,"w":0.999732255935669},"size":28.336023330688478,"orthographic":false}